{"33":123.099998,"32":32.099998}